row_type	historical_sha	hunk_id	path	current_disposition	recommended_disposition	evidence	rationale
commit	283e0be97a6219d4dbc5c7f7a413eb1d2a3dbb81	ALL_COMMIT	*	PENDING_HUNK_VERIFICATION	REPLACED_BY_LEAN_TELEMETRY	artifacts/quality/G8/result.md	historical commit is covered by the bounded summary adapter or intentional removal
commit	30a9e9f403bb371dffba2c4261fbd1bcb9e788c5	ALL_COMMIT	*	PENDING_HUNK_VERIFICATION	REPLACED_BY_LEAN_TELEMETRY	artifacts/quality/G8/result.md	historical commit is covered by the bounded summary adapter or intentional removal
commit	482b36aec8811956c08626ebe634d9dc2fa646d1	ALL_COMMIT	*	PENDING_LEAN_REPLACEMENT	REPLACED_BY_LEAN_TELEMETRY	artifacts/quality/G8/result.md	historical commit is covered by the bounded summary adapter or intentional removal
commit	4384ea1c94483c0e28f67adb78a1d2c08ed7bae7	ALL_COMMIT	*	PENDING_LEAN_REPLACEMENT	REPLACED_BY_LEAN_TELEMETRY	artifacts/quality/G8/result.md	historical commit is covered by the bounded summary adapter or intentional removal
commit	292c926c259abfcab7d7b33676f045db14ee5ebb	ALL_COMMIT	*	PENDING_LEAN_REPLACEMENT	REPLACED_BY_LEAN_TELEMETRY	artifacts/quality/G8/result.md	historical commit is covered by the bounded summary adapter or intentional removal
commit	a56b867a01336529149ce1ce8c6c1e4b124e618e	ALL_COMMIT	*	PENDING_LEAN_REPLACEMENT	REPLACED_BY_LEAN_TELEMETRY	artifacts/quality/G8/result.md	historical commit is covered by the bounded summary adapter or intentional removal
commit	4a0b9753ea08ba067e9ecf4edf7d5c3f0a31dad0	ALL_COMMIT	*	PENDING_LEAN_REPLACEMENT	REPLACED_BY_LEAN_TELEMETRY	artifacts/quality/G8/result.md	historical commit is covered by the bounded summary adapter or intentional removal
commit	99b4f71fa4791ad798b2028d5e8bf78f6804acb7	ALL_COMMIT	*	PENDING_LEAN_REPLACEMENT	REPLACED_BY_LEAN_TELEMETRY	artifacts/quality/G8/result.md	historical commit is covered by the bounded summary adapter or intentional removal
commit	20863e26d31584454979b1dd37932489c28f5a43	ALL_COMMIT	*	PENDING_LEAN_REPLACEMENT	REPLACED_BY_LEAN_TELEMETRY	artifacts/quality/G8/result.md	historical commit is covered by the bounded summary adapter or intentional removal
commit	9c602838b8ef49ceda3f32829cc0e2278366acfb	ALL_COMMIT	*	PENDING_LEAN_REPLACEMENT	REPLACED_BY_LEAN_TELEMETRY	artifacts/quality/G8/result.md	historical commit is covered by the bounded summary adapter or intentional removal
commit	57bf491f43adf1309efbe3c09cec7f02d6b0363d	ALL_COMMIT	*	PENDING_LEAN_REPLACEMENT	REPLACED_BY_LEAN_TELEMETRY	artifacts/quality/G8/result.md	historical commit is covered by the bounded summary adapter or intentional removal
commit	28d693ff1ff59954110d6c387fb7a78e1fa7052a	ALL_COMMIT	*	PENDING_LEAN_REPLACEMENT	REPLACED_BY_LEAN_TELEMETRY	artifacts/quality/G8/result.md	historical commit is covered by the bounded summary adapter or intentional removal
commit	9fc21a878d58e7851fc103d2f285ab03fbcf30c8	ALL_COMMIT	*	PENDING_LEAN_REPLACEMENT	REPLACED_BY_LEAN_TELEMETRY	artifacts/quality/G8/result.md	historical commit is covered by the bounded summary adapter or intentional removal
commit	5efece381be6f868f2930a6303f4c92ab4ce6102	ALL_COMMIT	*	PENDING_LEAN_REPLACEMENT	REPLACED_BY_LEAN_TELEMETRY	artifacts/quality/G8/result.md	historical commit is covered by the bounded summary adapter or intentional removal
commit	81153be36de8c60938908635296ac80965b34c03	ALL_COMMIT	*	PENDING_LEAN_REPLACEMENT	REPLACED_BY_LEAN_TELEMETRY	artifacts/quality/G8/result.md	historical commit is covered by the bounded summary adapter or intentional removal
commit	2a8e7756eec63821080d50fcc72c012fd46fd765	ALL_COMMIT	*	PENDING_LEAN_REPLACEMENT	REPLACED_BY_LEAN_TELEMETRY	artifacts/quality/G8/result.md	historical commit is covered by the bounded summary adapter or intentional removal
commit	225e0cae1062ae9244e1350d488fa1867249e90a	ALL_COMMIT	*	PENDING_LEAN_REPLACEMENT	REPLACED_BY_LEAN_TELEMETRY	artifacts/quality/G8/result.md	historical commit is covered by the bounded summary adapter or intentional removal
commit	c121c587502947b1a47f3941b5f5382632cbb8cd	ALL_COMMIT	*	PENDING_LEAN_REPLACEMENT	REPLACED_BY_LEAN_TELEMETRY	artifacts/quality/G8/result.md	historical commit is covered by the bounded summary adapter or intentional removal
commit	6281ba6dea22b4217d455ae27c135513b6a0fa17	ALL_COMMIT	*	PENDING_LEAN_REPLACEMENT	REPLACED_BY_LEAN_TELEMETRY	artifacts/quality/G8/result.md	historical commit is covered by the bounded summary adapter or intentional removal
commit	fe41925b7414fe948dfc2cc2897b93faccafeab6	ALL_COMMIT	*	PENDING_LEAN_REPLACEMENT	REPLACED_BY_LEAN_TELEMETRY	artifacts/quality/G8/result.md	historical commit is covered by the bounded summary adapter or intentional removal
commit	670741c30b37057507a7abb8ab565de2eac1da28	ALL_COMMIT	*	PENDING_LEAN_REPLACEMENT	REPLACED_BY_LEAN_TELEMETRY	artifacts/quality/G8/result.md	historical commit is covered by the bounded summary adapter or intentional removal
commit	a679d4b572bc47e621fc678fb1e5195050868c6e	ALL_COMMIT	*	PENDING_LEAN_REPLACEMENT	REPLACED_BY_LEAN_TELEMETRY	artifacts/quality/G8/result.md	historical commit is covered by the bounded summary adapter or intentional removal
commit	aeda8fc1be042d485acb89ae341a80701140ffe3	ALL_COMMIT	*	PENDING_LEAN_REPLACEMENT	REPLACED_BY_LEAN_TELEMETRY	artifacts/quality/G8/result.md	historical commit is covered by the bounded summary adapter or intentional removal
commit	aeefd504a715d9664e8ff76dd42fb03786833d5b	ALL_COMMIT	*	PENDING_LEAN_REPLACEMENT	REPLACED_BY_LEAN_TELEMETRY	artifacts/quality/G8/result.md	historical commit is covered by the bounded summary adapter or intentional removal
commit	a7ea4515f4481d97b7099775fdbff9410b0c1742	ALL_COMMIT	*	PENDING_LEAN_REPLACEMENT	REPLACED_BY_LEAN_TELEMETRY	artifacts/quality/G8/result.md	historical commit is covered by the bounded summary adapter or intentional removal
hunk	482b36aec8811956c08626ebe634d9dc2fa646d1	482b36aec8811956c08626ebe634d9dc2fa646d1:ALL_HUNKS	*	PENDING_LEAN_REPLACEMENT	DROP_INTENTIONAL	artifacts/quality/G8/result.md	historical replay, delivery, server, snapshot, or old test surface is intentionally not reproduced
hunk	4384ea1c94483c0e28f67adb78a1d2c08ed7bae7	4384ea1c94483c0e28f67adb78a1d2c08ed7bae7:ALL_HUNKS	*	PENDING_LEAN_REPLACEMENT	DROP_INTENTIONAL	artifacts/quality/G8/result.md	historical replay, delivery, server, snapshot, or old test surface is intentionally not reproduced
hunk	292c926c259abfcab7d7b33676f045db14ee5ebb	292c926c259abfcab7d7b33676f045db14ee5ebb:ALL_HUNKS	*	PENDING_LEAN_REPLACEMENT	DROP_INTENTIONAL	artifacts/quality/G8/result.md	historical replay, delivery, server, snapshot, or old test surface is intentionally not reproduced
hunk	a56b867a01336529149ce1ce8c6c1e4b124e618e	a56b867a01336529149ce1ce8c6c1e4b124e618e:ALL_HUNKS	*	PENDING_LEAN_REPLACEMENT	DROP_INTENTIONAL	artifacts/quality/G8/result.md	historical replay, delivery, server, snapshot, or old test surface is intentionally not reproduced
hunk	4a0b9753ea08ba067e9ecf4edf7d5c3f0a31dad0	4a0b9753ea08ba067e9ecf4edf7d5c3f0a31dad0:ALL_HUNKS	*	PENDING_LEAN_REPLACEMENT	DROP_INTENTIONAL	artifacts/quality/G8/result.md	historical replay, delivery, server, snapshot, or old test surface is intentionally not reproduced
hunk	99b4f71fa4791ad798b2028d5e8bf78f6804acb7	99b4f71fa4791ad798b2028d5e8bf78f6804acb7:ALL_HUNKS	*	PENDING_LEAN_REPLACEMENT	DROP_INTENTIONAL	artifacts/quality/G8/result.md	historical replay, delivery, server, snapshot, or old test surface is intentionally not reproduced
hunk	20863e26d31584454979b1dd37932489c28f5a43	20863e26d31584454979b1dd37932489c28f5a43:ALL_HUNKS	*	PENDING_LEAN_REPLACEMENT	DROP_INTENTIONAL	artifacts/quality/G8/result.md	historical replay, delivery, server, snapshot, or old test surface is intentionally not reproduced
hunk	9c602838b8ef49ceda3f32829cc0e2278366acfb	9c602838b8ef49ceda3f32829cc0e2278366acfb:ALL_HUNKS	*	PENDING_LEAN_REPLACEMENT	DROP_INTENTIONAL	artifacts/quality/G8/result.md	historical replay, delivery, server, snapshot, or old test surface is intentionally not reproduced
hunk	57bf491f43adf1309efbe3c09cec7f02d6b0363d	57bf491f43adf1309efbe3c09cec7f02d6b0363d:ALL_HUNKS	*	PENDING_LEAN_REPLACEMENT	DROP_INTENTIONAL	artifacts/quality/G8/result.md	historical replay, delivery, server, snapshot, or old test surface is intentionally not reproduced
hunk	28d693ff1ff59954110d6c387fb7a78e1fa7052a	28d693ff1ff59954110d6c387fb7a78e1fa7052a:ALL_HUNKS	*	PENDING_LEAN_REPLACEMENT	DROP_INTENTIONAL	artifacts/quality/G8/result.md	historical replay, delivery, server, snapshot, or old test surface is intentionally not reproduced
hunk	9fc21a878d58e7851fc103d2f285ab03fbcf30c8	9fc21a878d58e7851fc103d2f285ab03fbcf30c8:ALL_HUNKS	*	PENDING_LEAN_REPLACEMENT	DROP_INTENTIONAL	artifacts/quality/G8/result.md	historical replay, delivery, server, snapshot, or old test surface is intentionally not reproduced
hunk	5efece381be6f868f2930a6303f4c92ab4ce6102	5efece381be6f868f2930a6303f4c92ab4ce6102:ALL_HUNKS	*	PENDING_LEAN_REPLACEMENT	DROP_INTENTIONAL	artifacts/quality/G8/result.md	historical replay, delivery, server, snapshot, or old test surface is intentionally not reproduced
hunk	81153be36de8c60938908635296ac80965b34c03	81153be36de8c60938908635296ac80965b34c03:ALL_HUNKS	*	PENDING_LEAN_REPLACEMENT	DROP_INTENTIONAL	artifacts/quality/G8/result.md	historical replay, delivery, server, snapshot, or old test surface is intentionally not reproduced
hunk	2a8e7756eec63821080d50fcc72c012fd46fd765	2a8e7756eec63821080d50fcc72c012fd46fd765:ALL_HUNKS	*	PENDING_LEAN_REPLACEMENT	DROP_INTENTIONAL	artifacts/quality/G8/result.md	historical replay, delivery, server, snapshot, or old test surface is intentionally not reproduced
hunk	225e0cae1062ae9244e1350d488fa1867249e90a	225e0cae1062ae9244e1350d488fa1867249e90a:ALL_HUNKS	*	PENDING_LEAN_REPLACEMENT	DROP_INTENTIONAL	artifacts/quality/G8/result.md	historical replay, delivery, server, snapshot, or old test surface is intentionally not reproduced
hunk	c121c587502947b1a47f3941b5f5382632cbb8cd	c121c587502947b1a47f3941b5f5382632cbb8cd:ALL_HUNKS	*	PENDING_LEAN_REPLACEMENT	DROP_INTENTIONAL	artifacts/quality/G8/result.md	historical replay, delivery, server, snapshot, or old test surface is intentionally not reproduced
hunk	6281ba6dea22b4217d455ae27c135513b6a0fa17	6281ba6dea22b4217d455ae27c135513b6a0fa17:ALL_HUNKS	*	PENDING_LEAN_REPLACEMENT	DROP_INTENTIONAL	artifacts/quality/G8/result.md	historical replay, delivery, server, snapshot, or old test surface is intentionally not reproduced
hunk	fe41925b7414fe948dfc2cc2897b93faccafeab6	fe41925b7414fe948dfc2cc2897b93faccafeab6:ALL_HUNKS	*	PENDING_LEAN_REPLACEMENT	DROP_INTENTIONAL	artifacts/quality/G8/result.md	historical replay, delivery, server, snapshot, or old test surface is intentionally not reproduced
hunk	670741c30b37057507a7abb8ab565de2eac1da28	670741c30b37057507a7abb8ab565de2eac1da28:ALL_HUNKS	*	PENDING_LEAN_REPLACEMENT	DROP_INTENTIONAL	artifacts/quality/G8/result.md	historical replay, delivery, server, snapshot, or old test surface is intentionally not reproduced
hunk	a679d4b572bc47e621fc678fb1e5195050868c6e	a679d4b572bc47e621fc678fb1e5195050868c6e:ALL_HUNKS	*	PENDING_LEAN_REPLACEMENT	DROP_INTENTIONAL	artifacts/quality/G8/result.md	historical replay, delivery, server, snapshot, or old test surface is intentionally not reproduced
hunk	aeda8fc1be042d485acb89ae341a80701140ffe3	aeda8fc1be042d485acb89ae341a80701140ffe3:ALL_HUNKS	*	PENDING_LEAN_REPLACEMENT	DROP_INTENTIONAL	artifacts/quality/G8/result.md	historical replay, delivery, server, snapshot, or old test surface is intentionally not reproduced
hunk	aeefd504a715d9664e8ff76dd42fb03786833d5b	aeefd504a715d9664e8ff76dd42fb03786833d5b:ALL_HUNKS	*	PENDING_LEAN_REPLACEMENT	DROP_INTENTIONAL	artifacts/quality/G8/result.md	historical replay, delivery, server, snapshot, or old test surface is intentionally not reproduced
hunk	a7ea4515f4481d97b7099775fdbff9410b0c1742	a7ea4515f4481d97b7099775fdbff9410b0c1742:ALL_HUNKS	*	PENDING_LEAN_REPLACEMENT	DROP_INTENTIONAL	artifacts/quality/G8/result.md	historical replay, delivery, server, snapshot, or old test surface is intentionally not reproduced
hunk	283e0be97a6219d4dbc5c7f7a413eb1d2a3dbb81	283e0be97a6219d4dbc5c7f7a413eb1d2a3dbb81:PLAN-telemetry.md:1,580	PLAN-telemetry.md	PENDING_HUNK_VERIFICATION	DROP_INTENTIONAL	artifacts/quality/G8/result.md	historical telemetry documentation is replaced by the G8 schema evidence
hunk	283e0be97a6219d4dbc5c7f7a413eb1d2a3dbb81	283e0be97a6219d4dbc5c7f7a413eb1d2a3dbb81:components/AppStageRouter.tsx:68,3	components/AppStageRouter.tsx	PENDING_HUNK_VERIFICATION	REPLACED_BY_LEAN_TELEMETRY	artifacts/quality/G8/result.md	stable product boundary is eligible for Sol-owned lean summary wiring; historical event stream is replaced
hunk	283e0be97a6219d4dbc5c7f7a413eb1d2a3dbb81	283e0be97a6219d4dbc5c7f7a413eb1d2a3dbb81:docs/deployment.md:35,3	docs/deployment.md	PENDING_HUNK_VERIFICATION	DROP_INTENTIONAL	artifacts/quality/G8/result.md	historical replay, delivery, server, snapshot, or old test surface is intentionally not reproduced
hunk	283e0be97a6219d4dbc5c7f7a413eb1d2a3dbb81	283e0be97a6219d4dbc5c7f7a413eb1d2a3dbb81:hooks/useAppCharacterImportActions.ts:21,3	hooks/useAppCharacterImportActions.ts	PENDING_HUNK_VERIFICATION	REPLACED_BY_LEAN_TELEMETRY	artifacts/quality/G8/result.md	stable product boundary is eligible for Sol-owned lean summary wiring; historical event stream is replaced
hunk	283e0be97a6219d4dbc5c7f7a413eb1d2a3dbb81	283e0be97a6219d4dbc5c7f7a413eb1d2a3dbb81:hooks/useAppCharacterImportActions.ts:68,3	hooks/useAppCharacterImportActions.ts	PENDING_HUNK_VERIFICATION	REPLACED_BY_LEAN_TELEMETRY	artifacts/quality/G8/result.md	stable product boundary is eligible for Sol-owned lean summary wiring; historical event stream is replaced
hunk	283e0be97a6219d4dbc5c7f7a413eb1d2a3dbb81	283e0be97a6219d4dbc5c7f7a413eb1d2a3dbb81:hooks/useAppCharacterImportActions.ts:179,3	hooks/useAppCharacterImportActions.ts	PENDING_HUNK_VERIFICATION	REPLACED_BY_LEAN_TELEMETRY	artifacts/quality/G8/result.md	stable product boundary is eligible for Sol-owned lean summary wiring; historical event stream is replaced
hunk	283e0be97a6219d4dbc5c7f7a413eb1d2a3dbb81	283e0be97a6219d4dbc5c7f7a413eb1d2a3dbb81:hooks/useAppCharacterImportActions.ts:197,3	hooks/useAppCharacterImportActions.ts	PENDING_HUNK_VERIFICATION	REPLACED_BY_LEAN_TELEMETRY	artifacts/quality/G8/result.md	stable product boundary is eligible for Sol-owned lean summary wiring; historical event stream is replaced
hunk	283e0be97a6219d4dbc5c7f7a413eb1d2a3dbb81	283e0be97a6219d4dbc5c7f7a413eb1d2a3dbb81:hooks/useAppCharacterImportActions.ts:204,3	hooks/useAppCharacterImportActions.ts	PENDING_HUNK_VERIFICATION	REPLACED_BY_LEAN_TELEMETRY	artifacts/quality/G8/result.md	stable product boundary is eligible for Sol-owned lean summary wiring; historical event stream is replaced
hunk	283e0be97a6219d4dbc5c7f7a413eb1d2a3dbb81	283e0be97a6219d4dbc5c7f7a413eb1d2a3dbb81:hooks/useAppCharacterImportActions.ts:211,3	hooks/useAppCharacterImportActions.ts	PENDING_HUNK_VERIFICATION	REPLACED_BY_LEAN_TELEMETRY	artifacts/quality/G8/result.md	stable product boundary is eligible for Sol-owned lean summary wiring; historical event stream is replaced
hunk	283e0be97a6219d4dbc5c7f7a413eb1d2a3dbb81	283e0be97a6219d4dbc5c7f7a413eb1d2a3dbb81:hooks/useAppCharacterImportActions.ts:235,3	hooks/useAppCharacterImportActions.ts	PENDING_HUNK_VERIFICATION	REPLACED_BY_LEAN_TELEMETRY	artifacts/quality/G8/result.md	stable product boundary is eligible for Sol-owned lean summary wiring; historical event stream is replaced
hunk	283e0be97a6219d4dbc5c7f7a413eb1d2a3dbb81	283e0be97a6219d4dbc5c7f7a413eb1d2a3dbb81:hooks/useAppMechanismActions.ts:38,3	hooks/useAppMechanismActions.ts	PENDING_HUNK_VERIFICATION	REPLACED_BY_LEAN_TELEMETRY	artifacts/quality/G8/result.md	stable product boundary is eligible for Sol-owned lean summary wiring; historical event stream is replaced
hunk	283e0be97a6219d4dbc5c7f7a413eb1d2a3dbb81	283e0be97a6219d4dbc5c7f7a413eb1d2a3dbb81:hooks/useAppMechanismActions.ts:428,3	hooks/useAppMechanismActions.ts	PENDING_HUNK_VERIFICATION	REPLACED_BY_LEAN_TELEMETRY	artifacts/quality/G8/result.md	stable product boundary is eligible for Sol-owned lean summary wiring; historical event stream is replaced
hunk	283e0be97a6219d4dbc5c7f7a413eb1d2a3dbb81	283e0be97a6219d4dbc5c7f7a413eb1d2a3dbb81:hooks/useAppMechanismActions.ts:460,3	hooks/useAppMechanismActions.ts	PENDING_HUNK_VERIFICATION	REPLACED_BY_LEAN_TELEMETRY	artifacts/quality/G8/result.md	stable product boundary is eligible for Sol-owned lean summary wiring; historical event stream is replaced
hunk	283e0be97a6219d4dbc5c7f7a413eb1d2a3dbb81	283e0be97a6219d4dbc5c7f7a413eb1d2a3dbb81:hooks/useAppPathActions.ts:12,3	hooks/useAppPathActions.ts	PENDING_HUNK_VERIFICATION	REPLACED_BY_LEAN_TELEMETRY	artifacts/quality/G8/result.md	stable product boundary is eligible for Sol-owned lean summary wiring; historical event stream is replaced
hunk	283e0be97a6219d4dbc5c7f7a413eb1d2a3dbb81	283e0be97a6219d4dbc5c7f7a413eb1d2a3dbb81:hooks/useAppPathActions.ts:97,3	hooks/useAppPathActions.ts	PENDING_HUNK_VERIFICATION	REPLACED_BY_LEAN_TELEMETRY	artifacts/quality/G8/result.md	stable product boundary is eligible for Sol-owned lean summary wiring; historical event stream is replaced
hunk	283e0be97a6219d4dbc5c7f7a413eb1d2a3dbb81	283e0be97a6219d4dbc5c7f7a413eb1d2a3dbb81:hooks/useAppProjectCommands.ts:27,3	hooks/useAppProjectCommands.ts	PENDING_HUNK_VERIFICATION	REPLACED_BY_LEAN_TELEMETRY	artifacts/quality/G8/result.md	stable product boundary is eligible for Sol-owned lean summary wiring; historical event stream is replaced
hunk	283e0be97a6219d4dbc5c7f7a413eb1d2a3dbb81	283e0be97a6219d4dbc5c7f7a413eb1d2a3dbb81:hooks/useAppProjectCommands.ts:115,3	hooks/useAppProjectCommands.ts	PENDING_HUNK_VERIFICATION	REPLACED_BY_LEAN_TELEMETRY	artifacts/quality/G8/result.md	stable product boundary is eligible for Sol-owned lean summary wiring; historical event stream is replaced
hunk	283e0be97a6219d4dbc5c7f7a413eb1d2a3dbb81	283e0be97a6219d4dbc5c7f7a413eb1d2a3dbb81:hooks/useAppProjectCommands.ts:124,3	hooks/useAppProjectCommands.ts	PENDING_HUNK_VERIFICATION	REPLACED_BY_LEAN_TELEMETRY	artifacts/quality/G8/result.md	stable product boundary is eligible for Sol-owned lean summary wiring; historical event stream is replaced
hunk	283e0be97a6219d4dbc5c7f7a413eb1d2a3dbb81	283e0be97a6219d4dbc5c7f7a413eb1d2a3dbb81:hooks/useAppProjectCommands.ts:147,3	hooks/useAppProjectCommands.ts	PENDING_HUNK_VERIFICATION	REPLACED_BY_LEAN_TELEMETRY	artifacts/quality/G8/result.md	stable product boundary is eligible for Sol-owned lean summary wiring; historical event stream is replaced
hunk	283e0be97a6219d4dbc5c7f7a413eb1d2a3dbb81	283e0be97a6219d4dbc5c7f7a413eb1d2a3dbb81:hooks/useAppProjectCommands.ts:165,3	hooks/useAppProjectCommands.ts	PENDING_HUNK_VERIFICATION	REPLACED_BY_LEAN_TELEMETRY	artifacts/quality/G8/result.md	stable product boundary is eligible for Sol-owned lean summary wiring; historical event stream is replaced
hunk	283e0be97a6219d4dbc5c7f7a413eb1d2a3dbb81	283e0be97a6219d4dbc5c7f7a413eb1d2a3dbb81:hooks/useAppProjectCommands.ts:173,3	hooks/useAppProjectCommands.ts	PENDING_HUNK_VERIFICATION	REPLACED_BY_LEAN_TELEMETRY	artifacts/quality/G8/result.md	stable product boundary is eligible for Sol-owned lean summary wiring; historical event stream is replaced
hunk	283e0be97a6219d4dbc5c7f7a413eb1d2a3dbb81	283e0be97a6219d4dbc5c7f7a413eb1d2a3dbb81:hooks/useAppProjectCommands.ts:184,3	hooks/useAppProjectCommands.ts	PENDING_HUNK_VERIFICATION	REPLACED_BY_LEAN_TELEMETRY	artifacts/quality/G8/result.md	stable product boundary is eligible for Sol-owned lean summary wiring; historical event stream is replaced
hunk	283e0be97a6219d4dbc5c7f7a413eb1d2a3dbb81	283e0be97a6219d4dbc5c7f7a413eb1d2a3dbb81:hooks/useAppProjectCommands.ts:207,8	hooks/useAppProjectCommands.ts	PENDING_HUNK_VERIFICATION	REPLACED_BY_LEAN_TELEMETRY	artifacts/quality/G8/result.md	stable product boundary is eligible for Sol-owned lean summary wiring; historical event stream is replaced
hunk	283e0be97a6219d4dbc5c7f7a413eb1d2a3dbb81	283e0be97a6219d4dbc5c7f7a413eb1d2a3dbb81:hooks/useAppProjectCommands.ts:296,5	hooks/useAppProjectCommands.ts	PENDING_HUNK_VERIFICATION	REPLACED_BY_LEAN_TELEMETRY	artifacts/quality/G8/result.md	stable product boundary is eligible for Sol-owned lean summary wiring; historical event stream is replaced
hunk	283e0be97a6219d4dbc5c7f7a413eb1d2a3dbb81	283e0be97a6219d4dbc5c7f7a413eb1d2a3dbb81:hooks/useMotionSmithAppController.ts:17,6	hooks/useMotionSmithAppController.ts	PENDING_HUNK_VERIFICATION	REPLACED_BY_LEAN_TELEMETRY	artifacts/quality/G8/result.md	stable product boundary is eligible for Sol-owned lean summary wiring; historical event stream is replaced
hunk	283e0be97a6219d4dbc5c7f7a413eb1d2a3dbb81	283e0be97a6219d4dbc5c7f7a413eb1d2a3dbb81:hooks/useMotionSmithAppController.ts:286,3	hooks/useMotionSmithAppController.ts	PENDING_HUNK_VERIFICATION	REPLACED_BY_LEAN_TELEMETRY	artifacts/quality/G8/result.md	stable product boundary is eligible for Sol-owned lean summary wiring; historical event stream is replaced
hunk	283e0be97a6219d4dbc5c7f7a413eb1d2a3dbb81	283e0be97a6219d4dbc5c7f7a413eb1d2a3dbb81:hooks/useStudyTelemetry.ts:1,2	hooks/useStudyTelemetry.ts	PENDING_HUNK_VERIFICATION	DROP_INTENTIONAL	artifacts/quality/G8/result.md	historical replay, delivery, server, snapshot, or old test surface is intentionally not reproduced
hunk	283e0be97a6219d4dbc5c7f7a413eb1d2a3dbb81	283e0be97a6219d4dbc5c7f7a413eb1d2a3dbb81:hooks/useStudyTelemetry.ts:112,3	hooks/useStudyTelemetry.ts	PENDING_HUNK_VERIFICATION	DROP_INTENTIONAL	artifacts/quality/G8/result.md	historical replay, delivery, server, snapshot, or old test surface is intentionally not reproduced
hunk	283e0be97a6219d4dbc5c7f7a413eb1d2a3dbb81	283e0be97a6219d4dbc5c7f7a413eb1d2a3dbb81:hooks/useStudyTelemetry.ts:193,9	hooks/useStudyTelemetry.ts	PENDING_HUNK_VERIFICATION	DROP_INTENTIONAL	artifacts/quality/G8/result.md	historical replay, delivery, server, snapshot, or old test surface is intentionally not reproduced
hunk	283e0be97a6219d4dbc5c7f7a413eb1d2a3dbb81	283e0be97a6219d4dbc5c7f7a413eb1d2a3dbb81:hooks/useStudyTelemetry.ts:215,9	hooks/useStudyTelemetry.ts	PENDING_HUNK_VERIFICATION	DROP_INTENTIONAL	artifacts/quality/G8/result.md	historical replay, delivery, server, snapshot, or old test surface is intentionally not reproduced
hunk	283e0be97a6219d4dbc5c7f7a413eb1d2a3dbb81	283e0be97a6219d4dbc5c7f7a413eb1d2a3dbb81:hooks/useStudyTelemetry.ts:234,4	hooks/useStudyTelemetry.ts	PENDING_HUNK_VERIFICATION	DROP_INTENTIONAL	artifacts/quality/G8/result.md	historical replay, delivery, server, snapshot, or old test surface is intentionally not reproduced
hunk	283e0be97a6219d4dbc5c7f7a413eb1d2a3dbb81	283e0be97a6219d4dbc5c7f7a413eb1d2a3dbb81:hooks/useStudyTelemetry.ts:242,3	hooks/useStudyTelemetry.ts	PENDING_HUNK_VERIFICATION	DROP_INTENTIONAL	artifacts/quality/G8/result.md	historical replay, delivery, server, snapshot, or old test surface is intentionally not reproduced
hunk	283e0be97a6219d4dbc5c7f7a413eb1d2a3dbb81	283e0be97a6219d4dbc5c7f7a413eb1d2a3dbb81:hooks/useStudyTelemetry.ts:247,6	hooks/useStudyTelemetry.ts	PENDING_HUNK_VERIFICATION	DROP_INTENTIONAL	artifacts/quality/G8/result.md	historical replay, delivery, server, snapshot, or old test surface is intentionally not reproduced
hunk	283e0be97a6219d4dbc5c7f7a413eb1d2a3dbb81	283e0be97a6219d4dbc5c7f7a413eb1d2a3dbb81:hooks/useStudyTelemetry.ts:256,6	hooks/useStudyTelemetry.ts	PENDING_HUNK_VERIFICATION	DROP_INTENTIONAL	artifacts/quality/G8/result.md	historical replay, delivery, server, snapshot, or old test surface is intentionally not reproduced
hunk	283e0be97a6219d4dbc5c7f7a413eb1d2a3dbb81	283e0be97a6219d4dbc5c7f7a413eb1d2a3dbb81:hooks/useStudyTelemetry.ts:291,3	hooks/useStudyTelemetry.ts	PENDING_HUNK_VERIFICATION	DROP_INTENTIONAL	artifacts/quality/G8/result.md	historical replay, delivery, server, snapshot, or old test surface is intentionally not reproduced
hunk	283e0be97a6219d4dbc5c7f7a413eb1d2a3dbb81	283e0be97a6219d4dbc5c7f7a413eb1d2a3dbb81:infrastructure/study/worker.js:83,9	infrastructure/study/worker.js	PENDING_HUNK_VERIFICATION	DROP_INTENTIONAL	artifacts/quality/G8/result.md	historical replay, delivery, server, snapshot, or old test surface is intentionally not reproduced
hunk	283e0be97a6219d4dbc5c7f7a413eb1d2a3dbb81	283e0be97a6219d4dbc5c7f7a413eb1d2a3dbb81:infrastructure/study/worker.js:113,6	infrastructure/study/worker.js	PENDING_HUNK_VERIFICATION	DROP_INTENTIONAL	artifacts/quality/G8/result.md	historical replay, delivery, server, snapshot, or old test surface is intentionally not reproduced
hunk	283e0be97a6219d4dbc5c7f7a413eb1d2a3dbb81	283e0be97a6219d4dbc5c7f7a413eb1d2a3dbb81:infrastructure/study/worker.js:486,3	infrastructure/study/worker.js	PENDING_HUNK_VERIFICATION	DROP_INTENTIONAL	artifacts/quality/G8/result.md	historical replay, delivery, server, snapshot, or old test surface is intentionally not reproduced
hunk	283e0be97a6219d4dbc5c7f7a413eb1d2a3dbb81	283e0be97a6219d4dbc5c7f7a413eb1d2a3dbb81:infrastructure/study/worker.js:490,12	infrastructure/study/worker.js	PENDING_HUNK_VERIFICATION	DROP_INTENTIONAL	artifacts/quality/G8/result.md	historical replay, delivery, server, snapshot, or old test surface is intentionally not reproduced
hunk	283e0be97a6219d4dbc5c7f7a413eb1d2a3dbb81	283e0be97a6219d4dbc5c7f7a413eb1d2a3dbb81:infrastructure/study/wrangler.toml:22,4	infrastructure/study/wrangler.toml	PENDING_HUNK_VERIFICATION	DROP_INTENTIONAL	artifacts/quality/G8/result.md	historical replay, delivery, server, snapshot, or old test surface is intentionally not reproduced
hunk	283e0be97a6219d4dbc5c7f7a413eb1d2a3dbb81	283e0be97a6219d4dbc5c7f7a413eb1d2a3dbb81:scripts/study-analyze.ts:79,5	scripts/study-analyze.ts	PENDING_HUNK_VERIFICATION	REPLACED_BY_LEAN_TELEMETRY	artifacts/quality/G8/result.md	full replay analysis is replaced by the deterministic bounded summary analyzer
hunk	283e0be97a6219d4dbc5c7f7a413eb1d2a3dbb81	283e0be97a6219d4dbc5c7f7a413eb1d2a3dbb81:scripts/study-analyze.ts:126,5	scripts/study-analyze.ts	PENDING_HUNK_VERIFICATION	REPLACED_BY_LEAN_TELEMETRY	artifacts/quality/G8/result.md	full replay analysis is replaced by the deterministic bounded summary analyzer
hunk	283e0be97a6219d4dbc5c7f7a413eb1d2a3dbb81	283e0be97a6219d4dbc5c7f7a413eb1d2a3dbb81:scripts/study-replay.ts:48,5	scripts/study-replay.ts	PENDING_HUNK_VERIFICATION	DROP_INTENTIONAL	artifacts/quality/G8/result.md	historical replay, delivery, server, snapshot, or old test surface is intentionally not reproduced
hunk	283e0be97a6219d4dbc5c7f7a413eb1d2a3dbb81	283e0be97a6219d4dbc5c7f7a413eb1d2a3dbb81:scripts/study-replay.ts:60,5	scripts/study-replay.ts	PENDING_HUNK_VERIFICATION	DROP_INTENTIONAL	artifacts/quality/G8/result.md	historical replay, delivery, server, snapshot, or old test surface is intentionally not reproduced
hunk	283e0be97a6219d4dbc5c7f7a413eb1d2a3dbb81	283e0be97a6219d4dbc5c7f7a413eb1d2a3dbb81:tests/study-analyze.test.ts:89,5	tests/study-analyze.test.ts	PENDING_HUNK_VERIFICATION	REPLACED_BY_LEAN_TELEMETRY	artifacts/quality/G8/result.md	full replay analysis is replaced by the deterministic bounded summary analyzer
hunk	283e0be97a6219d4dbc5c7f7a413eb1d2a3dbb81	283e0be97a6219d4dbc5c7f7a413eb1d2a3dbb81:tests/study-analyze.test.ts:121,3	tests/study-analyze.test.ts	PENDING_HUNK_VERIFICATION	REPLACED_BY_LEAN_TELEMETRY	artifacts/quality/G8/result.md	full replay analysis is replaced by the deterministic bounded summary analyzer
hunk	283e0be97a6219d4dbc5c7f7a413eb1d2a3dbb81	283e0be97a6219d4dbc5c7f7a413eb1d2a3dbb81:tests/study-analyze.test.ts:239,3	tests/study-analyze.test.ts	PENDING_HUNK_VERIFICATION	REPLACED_BY_LEAN_TELEMETRY	artifacts/quality/G8/result.md	full replay analysis is replaced by the deterministic bounded summary analyzer
hunk	283e0be97a6219d4dbc5c7f7a413eb1d2a3dbb81	283e0be97a6219d4dbc5c7f7a413eb1d2a3dbb81:tests/study-telemetry.test.ts:39,8	tests/study-telemetry.test.ts	PENDING_HUNK_VERIFICATION	REPLACED_BY_LEAN_TELEMETRY	artifacts/quality/G8/result.md	old replay tests are replaced by focused bounded-summary analyzer tests
hunk	283e0be97a6219d4dbc5c7f7a413eb1d2a3dbb81	283e0be97a6219d4dbc5c7f7a413eb1d2a3dbb81:tests/study-telemetry.test.ts:399,3	tests/study-telemetry.test.ts	PENDING_HUNK_VERIFICATION	REPLACED_BY_LEAN_TELEMETRY	artifacts/quality/G8/result.md	old replay tests are replaced by focused bounded-summary analyzer tests
hunk	283e0be97a6219d4dbc5c7f7a413eb1d2a3dbb81	283e0be97a6219d4dbc5c7f7a413eb1d2a3dbb81:tests/study-telemetry.test.ts:528,32	tests/study-telemetry.test.ts	PENDING_HUNK_VERIFICATION	REPLACED_BY_LEAN_TELEMETRY	artifacts/quality/G8/result.md	old replay tests are replaced by focused bounded-summary analyzer tests
hunk	283e0be97a6219d4dbc5c7f7a413eb1d2a3dbb81	283e0be97a6219d4dbc5c7f7a413eb1d2a3dbb81:utils/appStageNavigation.ts:17,12	utils/appStageNavigation.ts	PENDING_HUNK_VERIFICATION	REPLACED_BY_LEAN_TELEMETRY	artifacts/quality/G8/result.md	stable product boundary is eligible for Sol-owned lean summary wiring; historical event stream is replaced
hunk	283e0be97a6219d4dbc5c7f7a413eb1d2a3dbb81	283e0be97a6219d4dbc5c7f7a413eb1d2a3dbb81:utils/appStageNavigation.ts:68,3	utils/appStageNavigation.ts	PENDING_HUNK_VERIFICATION	REPLACED_BY_LEAN_TELEMETRY	artifacts/quality/G8/result.md	stable product boundary is eligible for Sol-owned lean summary wiring; historical event stream is replaced
hunk	283e0be97a6219d4dbc5c7f7a413eb1d2a3dbb81	283e0be97a6219d4dbc5c7f7a413eb1d2a3dbb81:utils/studyMetrics.ts:483,3	utils/studyMetrics.ts	PENDING_HUNK_VERIFICATION	REPLACED_BY_LEAN_TELEMETRY	artifacts/quality/G8/result.md	full replay analysis is replaced by the deterministic bounded summary analyzer
hunk	283e0be97a6219d4dbc5c7f7a413eb1d2a3dbb81	283e0be97a6219d4dbc5c7f7a413eb1d2a3dbb81:utils/studyTelemetry.ts:22,9	utils/studyTelemetry.ts	PENDING_HUNK_VERIFICATION	DROP_INTENTIONAL	artifacts/quality/G8/result.md	historical replay, delivery, server, snapshot, or old test surface is intentionally not reproduced
hunk	283e0be97a6219d4dbc5c7f7a413eb1d2a3dbb81	283e0be97a6219d4dbc5c7f7a413eb1d2a3dbb81:utils/studyTelemetry.ts:38,7	utils/studyTelemetry.ts	PENDING_HUNK_VERIFICATION	DROP_INTENTIONAL	artifacts/quality/G8/result.md	historical replay, delivery, server, snapshot, or old test surface is intentionally not reproduced
hunk	283e0be97a6219d4dbc5c7f7a413eb1d2a3dbb81	283e0be97a6219d4dbc5c7f7a413eb1d2a3dbb81:utils/studyTelemetry.ts:78,16	utils/studyTelemetry.ts	PENDING_HUNK_VERIFICATION	DROP_INTENTIONAL	artifacts/quality/G8/result.md	historical replay, delivery, server, snapshot, or old test surface is intentionally not reproduced
hunk	283e0be97a6219d4dbc5c7f7a413eb1d2a3dbb81	283e0be97a6219d4dbc5c7f7a413eb1d2a3dbb81:utils/studyTelemetry.ts:98,11	utils/studyTelemetry.ts	PENDING_HUNK_VERIFICATION	DROP_INTENTIONAL	artifacts/quality/G8/result.md	historical replay, delivery, server, snapshot, or old test surface is intentionally not reproduced
hunk	283e0be97a6219d4dbc5c7f7a413eb1d2a3dbb81	283e0be97a6219d4dbc5c7f7a413eb1d2a3dbb81:utils/studyTelemetry.ts:211,82	utils/studyTelemetry.ts	PENDING_HUNK_VERIFICATION	DROP_INTENTIONAL	artifacts/quality/G8/result.md	historical replay, delivery, server, snapshot, or old test surface is intentionally not reproduced
hunk	283e0be97a6219d4dbc5c7f7a413eb1d2a3dbb81	283e0be97a6219d4dbc5c7f7a413eb1d2a3dbb81:utils/studyTelemetry.ts:323,3	utils/studyTelemetry.ts	PENDING_HUNK_VERIFICATION	DROP_INTENTIONAL	artifacts/quality/G8/result.md	historical replay, delivery, server, snapshot, or old test surface is intentionally not reproduced
hunk	283e0be97a6219d4dbc5c7f7a413eb1d2a3dbb81	283e0be97a6219d4dbc5c7f7a413eb1d2a3dbb81:utils/studyTelemetry.ts:338,3	utils/studyTelemetry.ts	PENDING_HUNK_VERIFICATION	DROP_INTENTIONAL	artifacts/quality/G8/result.md	historical replay, delivery, server, snapshot, or old test surface is intentionally not reproduced
hunk	283e0be97a6219d4dbc5c7f7a413eb1d2a3dbb81	283e0be97a6219d4dbc5c7f7a413eb1d2a3dbb81:utils/studyTelemetry.ts:393,8	utils/studyTelemetry.ts	PENDING_HUNK_VERIFICATION	DROP_INTENTIONAL	artifacts/quality/G8/result.md	historical replay, delivery, server, snapshot, or old test surface is intentionally not reproduced
hunk	283e0be97a6219d4dbc5c7f7a413eb1d2a3dbb81	283e0be97a6219d4dbc5c7f7a413eb1d2a3dbb81:utils/studyTelemetry.ts:402,5	utils/studyTelemetry.ts	PENDING_HUNK_VERIFICATION	DROP_INTENTIONAL	artifacts/quality/G8/result.md	historical replay, delivery, server, snapshot, or old test surface is intentionally not reproduced
hunk	283e0be97a6219d4dbc5c7f7a413eb1d2a3dbb81	283e0be97a6219d4dbc5c7f7a413eb1d2a3dbb81:utils/studyTelemetry.ts:409,10	utils/studyTelemetry.ts	PENDING_HUNK_VERIFICATION	DROP_INTENTIONAL	artifacts/quality/G8/result.md	historical replay, delivery, server, snapshot, or old test surface is intentionally not reproduced
hunk	283e0be97a6219d4dbc5c7f7a413eb1d2a3dbb81	283e0be97a6219d4dbc5c7f7a413eb1d2a3dbb81:utils/studyTelemetry.ts:432,3	utils/studyTelemetry.ts	PENDING_HUNK_VERIFICATION	DROP_INTENTIONAL	artifacts/quality/G8/result.md	historical replay, delivery, server, snapshot, or old test surface is intentionally not reproduced
hunk	283e0be97a6219d4dbc5c7f7a413eb1d2a3dbb81	283e0be97a6219d4dbc5c7f7a413eb1d2a3dbb81:utils/studyTelemetry.ts:436,3	utils/studyTelemetry.ts	PENDING_HUNK_VERIFICATION	DROP_INTENTIONAL	artifacts/quality/G8/result.md	historical replay, delivery, server, snapshot, or old test surface is intentionally not reproduced
hunk	283e0be97a6219d4dbc5c7f7a413eb1d2a3dbb81	283e0be97a6219d4dbc5c7f7a413eb1d2a3dbb81:utils/studyTelemetry.ts:442,3	utils/studyTelemetry.ts	PENDING_HUNK_VERIFICATION	DROP_INTENTIONAL	artifacts/quality/G8/result.md	historical replay, delivery, server, snapshot, or old test surface is intentionally not reproduced
hunk	283e0be97a6219d4dbc5c7f7a413eb1d2a3dbb81	283e0be97a6219d4dbc5c7f7a413eb1d2a3dbb81:utils/studyTelemetry.ts:453,5	utils/studyTelemetry.ts	PENDING_HUNK_VERIFICATION	DROP_INTENTIONAL	artifacts/quality/G8/result.md	historical replay, delivery, server, snapshot, or old test surface is intentionally not reproduced
hunk	283e0be97a6219d4dbc5c7f7a413eb1d2a3dbb81	283e0be97a6219d4dbc5c7f7a413eb1d2a3dbb81:utils/studyTelemetry.ts:464,3	utils/studyTelemetry.ts	PENDING_HUNK_VERIFICATION	DROP_INTENTIONAL	artifacts/quality/G8/result.md	historical replay, delivery, server, snapshot, or old test surface is intentionally not reproduced
hunk	283e0be97a6219d4dbc5c7f7a413eb1d2a3dbb81	283e0be97a6219d4dbc5c7f7a413eb1d2a3dbb81:utils/studyTelemetry.ts:471,3	utils/studyTelemetry.ts	PENDING_HUNK_VERIFICATION	DROP_INTENTIONAL	artifacts/quality/G8/result.md	historical replay, delivery, server, snapshot, or old test surface is intentionally not reproduced
hunk	283e0be97a6219d4dbc5c7f7a413eb1d2a3dbb81	283e0be97a6219d4dbc5c7f7a413eb1d2a3dbb81:utils/studyTelemetry.ts:479,3	utils/studyTelemetry.ts	PENDING_HUNK_VERIFICATION	DROP_INTENTIONAL	artifacts/quality/G8/result.md	historical replay, delivery, server, snapshot, or old test surface is intentionally not reproduced
hunk	283e0be97a6219d4dbc5c7f7a413eb1d2a3dbb81	283e0be97a6219d4dbc5c7f7a413eb1d2a3dbb81:utils/studyTelemetry.ts:496,8	utils/studyTelemetry.ts	PENDING_HUNK_VERIFICATION	DROP_INTENTIONAL	artifacts/quality/G8/result.md	historical replay, delivery, server, snapshot, or old test surface is intentionally not reproduced
hunk	283e0be97a6219d4dbc5c7f7a413eb1d2a3dbb81	283e0be97a6219d4dbc5c7f7a413eb1d2a3dbb81:utils/studyTelemetry.ts:506,2	utils/studyTelemetry.ts	PENDING_HUNK_VERIFICATION	DROP_INTENTIONAL	artifacts/quality/G8/result.md	historical replay, delivery, server, snapshot, or old test surface is intentionally not reproduced
hunk	283e0be97a6219d4dbc5c7f7a413eb1d2a3dbb81	283e0be97a6219d4dbc5c7f7a413eb1d2a3dbb81:utils/studyTelemetry.ts:537,24	utils/studyTelemetry.ts	PENDING_HUNK_VERIFICATION	DROP_INTENTIONAL	artifacts/quality/G8/result.md	historical replay, delivery, server, snapshot, or old test surface is intentionally not reproduced
hunk	283e0be97a6219d4dbc5c7f7a413eb1d2a3dbb81	283e0be97a6219d4dbc5c7f7a413eb1d2a3dbb81:utils/studyTelemetry.ts:573,77	utils/studyTelemetry.ts	PENDING_HUNK_VERIFICATION	DROP_INTENTIONAL	artifacts/quality/G8/result.md	historical replay, delivery, server, snapshot, or old test surface is intentionally not reproduced
hunk	283e0be97a6219d4dbc5c7f7a413eb1d2a3dbb81	283e0be97a6219d4dbc5c7f7a413eb1d2a3dbb81:utils/studyTelemetry.ts:661,13	utils/studyTelemetry.ts	PENDING_HUNK_VERIFICATION	DROP_INTENTIONAL	artifacts/quality/G8/result.md	historical replay, delivery, server, snapshot, or old test surface is intentionally not reproduced
hunk	283e0be97a6219d4dbc5c7f7a413eb1d2a3dbb81	283e0be97a6219d4dbc5c7f7a413eb1d2a3dbb81:utils/studyTelemetry.ts:677,4	utils/studyTelemetry.ts	PENDING_HUNK_VERIFICATION	DROP_INTENTIONAL	artifacts/quality/G8/result.md	historical replay, delivery, server, snapshot, or old test surface is intentionally not reproduced
hunk	283e0be97a6219d4dbc5c7f7a413eb1d2a3dbb81	283e0be97a6219d4dbc5c7f7a413eb1d2a3dbb81:utils/studyTelemetry.ts:688,4	utils/studyTelemetry.ts	PENDING_HUNK_VERIFICATION	DROP_INTENTIONAL	artifacts/quality/G8/result.md	historical replay, delivery, server, snapshot, or old test surface is intentionally not reproduced
hunk	283e0be97a6219d4dbc5c7f7a413eb1d2a3dbb81	283e0be97a6219d4dbc5c7f7a413eb1d2a3dbb81:utils/studyTelemetry.ts:708,3	utils/studyTelemetry.ts	PENDING_HUNK_VERIFICATION	DROP_INTENTIONAL	artifacts/quality/G8/result.md	historical replay, delivery, server, snapshot, or old test surface is intentionally not reproduced
hunk	283e0be97a6219d4dbc5c7f7a413eb1d2a3dbb81	283e0be97a6219d4dbc5c7f7a413eb1d2a3dbb81:utils/studyTelemetry.ts:728,11	utils/studyTelemetry.ts	PENDING_HUNK_VERIFICATION	DROP_INTENTIONAL	artifacts/quality/G8/result.md	historical replay, delivery, server, snapshot, or old test surface is intentionally not reproduced
hunk	283e0be97a6219d4dbc5c7f7a413eb1d2a3dbb81	283e0be97a6219d4dbc5c7f7a413eb1d2a3dbb81:utils/studyTelemetry.ts:753,30	utils/studyTelemetry.ts	PENDING_HUNK_VERIFICATION	DROP_INTENTIONAL	artifacts/quality/G8/result.md	historical replay, delivery, server, snapshot, or old test surface is intentionally not reproduced
hunk	283e0be97a6219d4dbc5c7f7a413eb1d2a3dbb81	283e0be97a6219d4dbc5c7f7a413eb1d2a3dbb81:utils/studyTelemetry.ts:792,20	utils/studyTelemetry.ts	PENDING_HUNK_VERIFICATION	DROP_INTENTIONAL	artifacts/quality/G8/result.md	historical replay, delivery, server, snapshot, or old test surface is intentionally not reproduced
hunk	283e0be97a6219d4dbc5c7f7a413eb1d2a3dbb81	283e0be97a6219d4dbc5c7f7a413eb1d2a3dbb81:utils/studyTelemetry.ts:892,4	utils/studyTelemetry.ts	PENDING_HUNK_VERIFICATION	DROP_INTENTIONAL	artifacts/quality/G8/result.md	historical replay, delivery, server, snapshot, or old test surface is intentionally not reproduced
hunk	283e0be97a6219d4dbc5c7f7a413eb1d2a3dbb81	283e0be97a6219d4dbc5c7f7a413eb1d2a3dbb81:utils/studyTelemetry.ts:900,39	utils/studyTelemetry.ts	PENDING_HUNK_VERIFICATION	DROP_INTENTIONAL	artifacts/quality/G8/result.md	historical replay, delivery, server, snapshot, or old test surface is intentionally not reproduced
hunk	283e0be97a6219d4dbc5c7f7a413eb1d2a3dbb81	283e0be97a6219d4dbc5c7f7a413eb1d2a3dbb81:utils/studyTelemetry.ts:940,46	utils/studyTelemetry.ts	PENDING_HUNK_VERIFICATION	DROP_INTENTIONAL	artifacts/quality/G8/result.md	historical replay, delivery, server, snapshot, or old test surface is intentionally not reproduced
hunk	283e0be97a6219d4dbc5c7f7a413eb1d2a3dbb81	283e0be97a6219d4dbc5c7f7a413eb1d2a3dbb81:utils/studyTelemetry.ts:987,12	utils/studyTelemetry.ts	PENDING_HUNK_VERIFICATION	DROP_INTENTIONAL	artifacts/quality/G8/result.md	historical replay, delivery, server, snapshot, or old test surface is intentionally not reproduced
hunk	283e0be97a6219d4dbc5c7f7a413eb1d2a3dbb81	283e0be97a6219d4dbc5c7f7a413eb1d2a3dbb81:utils/studyTelemetry.ts:1001,5	utils/studyTelemetry.ts	PENDING_HUNK_VERIFICATION	DROP_INTENTIONAL	artifacts/quality/G8/result.md	historical replay, delivery, server, snapshot, or old test surface is intentionally not reproduced
hunk	283e0be97a6219d4dbc5c7f7a413eb1d2a3dbb81	283e0be97a6219d4dbc5c7f7a413eb1d2a3dbb81:utils/studyTelemetry.ts:1013,3	utils/studyTelemetry.ts	PENDING_HUNK_VERIFICATION	DROP_INTENTIONAL	artifacts/quality/G8/result.md	historical replay, delivery, server, snapshot, or old test surface is intentionally not reproduced
hunk	283e0be97a6219d4dbc5c7f7a413eb1d2a3dbb81	283e0be97a6219d4dbc5c7f7a413eb1d2a3dbb81:utils/studyTelemetry.ts:1022,11	utils/studyTelemetry.ts	PENDING_HUNK_VERIFICATION	DROP_INTENTIONAL	artifacts/quality/G8/result.md	historical replay, delivery, server, snapshot, or old test surface is intentionally not reproduced
hunk	283e0be97a6219d4dbc5c7f7a413eb1d2a3dbb81	283e0be97a6219d4dbc5c7f7a413eb1d2a3dbb81:utils/studyTelemetry.ts:1036,3	utils/studyTelemetry.ts	PENDING_HUNK_VERIFICATION	DROP_INTENTIONAL	artifacts/quality/G8/result.md	historical replay, delivery, server, snapshot, or old test surface is intentionally not reproduced
hunk	283e0be97a6219d4dbc5c7f7a413eb1d2a3dbb81	283e0be97a6219d4dbc5c7f7a413eb1d2a3dbb81:utils/studyTelemetry.ts:1041,3	utils/studyTelemetry.ts	PENDING_HUNK_VERIFICATION	DROP_INTENTIONAL	artifacts/quality/G8/result.md	historical replay, delivery, server, snapshot, or old test surface is intentionally not reproduced
hunk	283e0be97a6219d4dbc5c7f7a413eb1d2a3dbb81	283e0be97a6219d4dbc5c7f7a413eb1d2a3dbb81:utils/studyTelemetry.ts:1045,3	utils/studyTelemetry.ts	PENDING_HUNK_VERIFICATION	DROP_INTENTIONAL	artifacts/quality/G8/result.md	historical replay, delivery, server, snapshot, or old test surface is intentionally not reproduced
hunk	283e0be97a6219d4dbc5c7f7a413eb1d2a3dbb81	283e0be97a6219d4dbc5c7f7a413eb1d2a3dbb81:utils/studyTelemetry.ts:1051,8	utils/studyTelemetry.ts	PENDING_HUNK_VERIFICATION	DROP_INTENTIONAL	artifacts/quality/G8/result.md	historical replay, delivery, server, snapshot, or old test surface is intentionally not reproduced
hunk	283e0be97a6219d4dbc5c7f7a413eb1d2a3dbb81	283e0be97a6219d4dbc5c7f7a413eb1d2a3dbb81:utils/studyTelemetry.ts:1072,3	utils/studyTelemetry.ts	PENDING_HUNK_VERIFICATION	DROP_INTENTIONAL	artifacts/quality/G8/result.md	historical replay, delivery, server, snapshot, or old test surface is intentionally not reproduced
hunk	283e0be97a6219d4dbc5c7f7a413eb1d2a3dbb81	283e0be97a6219d4dbc5c7f7a413eb1d2a3dbb81:utils/studyTelemetry.ts:1076,9	utils/studyTelemetry.ts	PENDING_HUNK_VERIFICATION	DROP_INTENTIONAL	artifacts/quality/G8/result.md	historical replay, delivery, server, snapshot, or old test surface is intentionally not reproduced
hunk	283e0be97a6219d4dbc5c7f7a413eb1d2a3dbb81	283e0be97a6219d4dbc5c7f7a413eb1d2a3dbb81:utils/studyTelemetry.ts:1115,3	utils/studyTelemetry.ts	PENDING_HUNK_VERIFICATION	DROP_INTENTIONAL	artifacts/quality/G8/result.md	historical replay, delivery, server, snapshot, or old test surface is intentionally not reproduced
hunk	283e0be97a6219d4dbc5c7f7a413eb1d2a3dbb81	283e0be97a6219d4dbc5c7f7a413eb1d2a3dbb81:utils/studyTelemetry.ts:1123,3	utils/studyTelemetry.ts	PENDING_HUNK_VERIFICATION	DROP_INTENTIONAL	artifacts/quality/G8/result.md	historical replay, delivery, server, snapshot, or old test surface is intentionally not reproduced
hunk	283e0be97a6219d4dbc5c7f7a413eb1d2a3dbb81	283e0be97a6219d4dbc5c7f7a413eb1d2a3dbb81:utils/studyTelemetry.ts:1128,7	utils/studyTelemetry.ts	PENDING_HUNK_VERIFICATION	DROP_INTENTIONAL	artifacts/quality/G8/result.md	historical replay, delivery, server, snapshot, or old test surface is intentionally not reproduced
hunk	283e0be97a6219d4dbc5c7f7a413eb1d2a3dbb81	283e0be97a6219d4dbc5c7f7a413eb1d2a3dbb81:utils/studyTelemetry.ts:1217,4	utils/studyTelemetry.ts	PENDING_HUNK_VERIFICATION	DROP_INTENTIONAL	artifacts/quality/G8/result.md	historical replay, delivery, server, snapshot, or old test surface is intentionally not reproduced
hunk	283e0be97a6219d4dbc5c7f7a413eb1d2a3dbb81	283e0be97a6219d4dbc5c7f7a413eb1d2a3dbb81:utils/studyTelemetry.ts:1282,3	utils/studyTelemetry.ts	PENDING_HUNK_VERIFICATION	DROP_INTENTIONAL	artifacts/quality/G8/result.md	historical replay, delivery, server, snapshot, or old test surface is intentionally not reproduced
hunk	283e0be97a6219d4dbc5c7f7a413eb1d2a3dbb81	283e0be97a6219d4dbc5c7f7a413eb1d2a3dbb81:utils/studyTelemetryProject.ts:47,3	utils/studyTelemetryProject.ts	PENDING_HUNK_VERIFICATION	DROP_INTENTIONAL	artifacts/quality/G8/result.md	historical replay, delivery, server, snapshot, or old test surface is intentionally not reproduced
hunk	283e0be97a6219d4dbc5c7f7a413eb1d2a3dbb81	283e0be97a6219d4dbc5c7f7a413eb1d2a3dbb81:utils/studyTelemetryProject.ts:220,7	utils/studyTelemetryProject.ts	PENDING_HUNK_VERIFICATION	DROP_INTENTIONAL	artifacts/quality/G8/result.md	historical replay, delivery, server, snapshot, or old test surface is intentionally not reproduced
hunk	283e0be97a6219d4dbc5c7f7a413eb1d2a3dbb81	283e0be97a6219d4dbc5c7f7a413eb1d2a3dbb81:utils/studyTelemetryProject.ts:238,3	utils/studyTelemetryProject.ts	PENDING_HUNK_VERIFICATION	DROP_INTENTIONAL	artifacts/quality/G8/result.md	historical replay, delivery, server, snapshot, or old test surface is intentionally not reproduced
hunk	30a9e9f403bb371dffba2c4261fbd1bcb9e788c5	30a9e9f403bb371dffba2c4261fbd1bcb9e788c5:PLAN-telemetry.md:13,30	PLAN-telemetry.md	PENDING_HUNK_VERIFICATION	DROP_INTENTIONAL	artifacts/quality/G8/result.md	historical telemetry documentation is replaced by the G8 schema evidence
hunk	30a9e9f403bb371dffba2c4261fbd1bcb9e788c5	30a9e9f403bb371dffba2c4261fbd1bcb9e788c5:PLAN-telemetry.md:607,2	PLAN-telemetry.md	PENDING_HUNK_VERIFICATION	DROP_INTENTIONAL	artifacts/quality/G8/result.md	historical telemetry documentation is replaced by the G8 schema evidence
hunk	30a9e9f403bb371dffba2c4261fbd1bcb9e788c5	30a9e9f403bb371dffba2c4261fbd1bcb9e788c5:README.md:41,6	README.md	PENDING_HUNK_VERIFICATION	DROP_INTENTIONAL	artifacts/quality/G8/result.md	historical replay, delivery, server, snapshot, or old test surface is intentionally not reproduced
hunk	30a9e9f403bb371dffba2c4261fbd1bcb9e788c5	30a9e9f403bb371dffba2c4261fbd1bcb9e788c5:components/stages/foundry/MechanismFoundry.tsx:61,3	components/stages/foundry/MechanismFoundry.tsx	PENDING_HUNK_VERIFICATION	DROP_INTENTIONAL	artifacts/quality/G8/result.md	historical replay, delivery, server, snapshot, or old test surface is intentionally not reproduced
hunk	30a9e9f403bb371dffba2c4261fbd1bcb9e788c5	30a9e9f403bb371dffba2c4261fbd1bcb9e788c5:components/stages/path/MechanismRecommendationSheet.tsx:19,3	components/stages/path/MechanismRecommendationSheet.tsx	PENDING_HUNK_VERIFICATION	DROP_INTENTIONAL	artifacts/quality/G8/result.md	historical replay, delivery, server, snapshot, or old test surface is intentionally not reproduced
hunk	30a9e9f403bb371dffba2c4261fbd1bcb9e788c5	30a9e9f403bb371dffba2c4261fbd1bcb9e788c5:components/ui/ContextHelp.tsx:15,3	components/ui/ContextHelp.tsx	PENDING_HUNK_VERIFICATION	DROP_INTENTIONAL	artifacts/quality/G8/result.md	historical replay, delivery, server, snapshot, or old test surface is intentionally not reproduced
hunk	30a9e9f403bb371dffba2c4261fbd1bcb9e788c5	30a9e9f403bb371dffba2c4261fbd1bcb9e788c5:docs/study/README.md:15,29	docs/study/README.md	PENDING_HUNK_VERIFICATION	DROP_INTENTIONAL	artifacts/quality/G8/result.md	historical telemetry documentation is replaced by the G8 schema evidence
hunk	30a9e9f403bb371dffba2c4261fbd1bcb9e788c5	30a9e9f403bb371dffba2c4261fbd1bcb9e788c5:hooks/useMotionSmithAppController.ts:34,4	hooks/useMotionSmithAppController.ts	PENDING_HUNK_VERIFICATION	REPLACED_BY_LEAN_TELEMETRY	artifacts/quality/G8/result.md	stable product boundary is eligible for Sol-owned lean summary wiring; historical event stream is replaced
hunk	30a9e9f403bb371dffba2c4261fbd1bcb9e788c5	30a9e9f403bb371dffba2c4261fbd1bcb9e788c5:hooks/useProjectHistory.ts:7,3	hooks/useProjectHistory.ts	PENDING_HUNK_VERIFICATION	DROP_INTENTIONAL	artifacts/quality/G8/result.md	historical replay, delivery, server, snapshot, or old test surface is intentionally not reproduced
hunk	30a9e9f403bb371dffba2c4261fbd1bcb9e788c5	30a9e9f403bb371dffba2c4261fbd1bcb9e788c5:hooks/useProjectHistory.ts:43,6	hooks/useProjectHistory.ts	PENDING_HUNK_VERIFICATION	DROP_INTENTIONAL	artifacts/quality/G8/result.md	historical replay, delivery, server, snapshot, or old test surface is intentionally not reproduced
hunk	30a9e9f403bb371dffba2c4261fbd1bcb9e788c5	30a9e9f403bb371dffba2c4261fbd1bcb9e788c5:hooks/useStudyTelemetry.ts:12,6	hooks/useStudyTelemetry.ts	PENDING_HUNK_VERIFICATION	DROP_INTENTIONAL	artifacts/quality/G8/result.md	historical replay, delivery, server, snapshot, or old test surface is intentionally not reproduced
hunk	30a9e9f403bb371dffba2c4261fbd1bcb9e788c5	30a9e9f403bb371dffba2c4261fbd1bcb9e788c5:hooks/useStudyTelemetry.ts:110,3	hooks/useStudyTelemetry.ts	PENDING_HUNK_VERIFICATION	DROP_INTENTIONAL	artifacts/quality/G8/result.md	historical replay, delivery, server, snapshot, or old test surface is intentionally not reproduced
hunk	30a9e9f403bb371dffba2c4261fbd1bcb9e788c5	30a9e9f403bb371dffba2c4261fbd1bcb9e788c5:hooks/useStudyTelemetry.ts:193,6	hooks/useStudyTelemetry.ts	PENDING_HUNK_VERIFICATION	DROP_INTENTIONAL	artifacts/quality/G8/result.md	historical replay, delivery, server, snapshot, or old test surface is intentionally not reproduced
hunk	30a9e9f403bb371dffba2c4261fbd1bcb9e788c5	30a9e9f403bb371dffba2c4261fbd1bcb9e788c5:hooks/useStudyTelemetryBoundary.ts:1,4	hooks/useStudyTelemetryBoundary.ts	PENDING_HUNK_VERIFICATION	DROP_INTENTIONAL	artifacts/quality/G8/result.md	historical replay, delivery, server, snapshot, or old test surface is intentionally not reproduced
hunk	30a9e9f403bb371dffba2c4261fbd1bcb9e788c5	30a9e9f403bb371dffba2c4261fbd1bcb9e788c5:tests/browser/study-telemetry.spec.ts:1,2	tests/browser/study-telemetry.spec.ts	PENDING_HUNK_VERIFICATION	DROP_INTENTIONAL	artifacts/quality/G8/result.md	historical replay, delivery, server, snapshot, or old test surface is intentionally not reproduced
hunk	30a9e9f403bb371dffba2c4261fbd1bcb9e788c5	30a9e9f403bb371dffba2c4261fbd1bcb9e788c5:tests/browser/study-telemetry.spec.ts:6,3	tests/browser/study-telemetry.spec.ts	PENDING_HUNK_VERIFICATION	DROP_INTENTIONAL	artifacts/quality/G8/result.md	historical replay, delivery, server, snapshot, or old test surface is intentionally not reproduced
hunk	30a9e9f403bb371dffba2c4261fbd1bcb9e788c5	30a9e9f403bb371dffba2c4261fbd1bcb9e788c5:tests/browser/study-telemetry.spec.ts:11,3	tests/browser/study-telemetry.spec.ts	PENDING_HUNK_VERIFICATION	DROP_INTENTIONAL	artifacts/quality/G8/result.md	historical replay, delivery, server, snapshot, or old test surface is intentionally not reproduced
hunk	30a9e9f403bb371dffba2c4261fbd1bcb9e788c5	30a9e9f403bb371dffba2c4261fbd1bcb9e788c5:tests/browser/study-telemetry.spec.ts:25,180	tests/browser/study-telemetry.spec.ts	PENDING_HUNK_VERIFICATION	DROP_INTENTIONAL	artifacts/quality/G8/result.md	historical replay, delivery, server, snapshot, or old test surface is intentionally not reproduced
hunk	30a9e9f403bb371dffba2c4261fbd1bcb9e788c5	30a9e9f403bb371dffba2c4261fbd1bcb9e788c5:tests/browser/study-telemetry.spec.ts:310,4	tests/browser/study-telemetry.spec.ts	PENDING_HUNK_VERIFICATION	DROP_INTENTIONAL	artifacts/quality/G8/result.md	historical replay, delivery, server, snapshot, or old test surface is intentionally not reproduced
hunk	30a9e9f403bb371dffba2c4261fbd1bcb9e788c5	30a9e9f403bb371dffba2c4261fbd1bcb9e788c5:tests/browser/study-telemetry.spec.ts:316,13	tests/browser/study-telemetry.spec.ts	PENDING_HUNK_VERIFICATION	DROP_INTENTIONAL	artifacts/quality/G8/result.md	historical replay, delivery, server, snapshot, or old test surface is intentionally not reproduced
hunk	30a9e9f403bb371dffba2c4261fbd1bcb9e788c5	30a9e9f403bb371dffba2c4261fbd1bcb9e788c5:tests/browser/study-telemetry.spec.ts:330,3	tests/browser/study-telemetry.spec.ts	PENDING_HUNK_VERIFICATION	DROP_INTENTIONAL	artifacts/quality/G8/result.md	historical replay, delivery, server, snapshot, or old test surface is intentionally not reproduced
hunk	30a9e9f403bb371dffba2c4261fbd1bcb9e788c5	30a9e9f403bb371dffba2c4261fbd1bcb9e788c5:tests/browser/study-telemetry.spec.ts:348,3	tests/browser/study-telemetry.spec.ts	PENDING_HUNK_VERIFICATION	DROP_INTENTIONAL	artifacts/quality/G8/result.md	historical replay, delivery, server, snapshot, or old test surface is intentionally not reproduced
hunk	30a9e9f403bb371dffba2c4261fbd1bcb9e788c5	30a9e9f403bb371dffba2c4261fbd1bcb9e788c5:tests/browser/study-telemetry.spec.ts:355,6	tests/browser/study-telemetry.spec.ts	PENDING_HUNK_VERIFICATION	DROP_INTENTIONAL	artifacts/quality/G8/result.md	historical replay, delivery, server, snapshot, or old test surface is intentionally not reproduced
hunk	30a9e9f403bb371dffba2c4261fbd1bcb9e788c5	30a9e9f403bb371dffba2c4261fbd1bcb9e788c5:tests/browser/study-telemetry.spec.ts:363,373	tests/browser/study-telemetry.spec.ts	PENDING_HUNK_VERIFICATION	DROP_INTENTIONAL	artifacts/quality/G8/result.md	historical replay, delivery, server, snapshot, or old test surface is intentionally not reproduced
hunk	30a9e9f403bb371dffba2c4261fbd1bcb9e788c5	30a9e9f403bb371dffba2c4261fbd1bcb9e788c5:tests/project-contract.test.ts:415,3	tests/project-contract.test.ts	PENDING_HUNK_VERIFICATION	DROP_INTENTIONAL	artifacts/quality/G8/result.md	historical replay, delivery, server, snapshot, or old test surface is intentionally not reproduced
hunk	30a9e9f403bb371dffba2c4261fbd1bcb9e788c5	30a9e9f403bb371dffba2c4261fbd1bcb9e788c5:tests/study-telemetry.test.ts:8,8	tests/study-telemetry.test.ts	PENDING_HUNK_VERIFICATION	REPLACED_BY_LEAN_TELEMETRY	artifacts/quality/G8/result.md	old replay tests are replaced by focused bounded-summary analyzer tests
hunk	30a9e9f403bb371dffba2c4261fbd1bcb9e788c5	30a9e9f403bb371dffba2c4261fbd1bcb9e788c5:tests/study-telemetry.test.ts:17,3	tests/study-telemetry.test.ts	PENDING_HUNK_VERIFICATION	REPLACED_BY_LEAN_TELEMETRY	artifacts/quality/G8/result.md	old replay tests are replaced by focused bounded-summary analyzer tests
hunk	30a9e9f403bb371dffba2c4261fbd1bcb9e788c5	30a9e9f403bb371dffba2c4261fbd1bcb9e788c5:tests/study-telemetry.test.ts:48,10	tests/study-telemetry.test.ts	PENDING_HUNK_VERIFICATION	REPLACED_BY_LEAN_TELEMETRY	artifacts/quality/G8/result.md	old replay tests are replaced by focused bounded-summary analyzer tests
hunk	30a9e9f403bb371dffba2c4261fbd1bcb9e788c5	30a9e9f403bb371dffba2c4261fbd1bcb9e788c5:tests/study-telemetry.test.ts:233,99	tests/study-telemetry.test.ts	PENDING_HUNK_VERIFICATION	REPLACED_BY_LEAN_TELEMETRY	artifacts/quality/G8/result.md	old replay tests are replaced by focused bounded-summary analyzer tests
hunk	30a9e9f403bb371dffba2c4261fbd1bcb9e788c5	30a9e9f403bb371dffba2c4261fbd1bcb9e788c5:utils/appCommandHandlers.ts:2,3	utils/appCommandHandlers.ts	PENDING_HUNK_VERIFICATION	DROP_INTENTIONAL	artifacts/quality/G8/result.md	historical replay, delivery, server, snapshot, or old test surface is intentionally not reproduced
hunk	30a9e9f403bb371dffba2c4261fbd1bcb9e788c5	30a9e9f403bb371dffba2c4261fbd1bcb9e788c5:utils/appStageNavigation.ts:4,3	utils/appStageNavigation.ts	PENDING_HUNK_VERIFICATION	REPLACED_BY_LEAN_TELEMETRY	artifacts/quality/G8/result.md	stable product boundary is eligible for Sol-owned lean summary wiring; historical event stream is replaced
hunk	30a9e9f403bb371dffba2c4261fbd1bcb9e788c5	30a9e9f403bb371dffba2c4261fbd1bcb9e788c5:utils/project.ts:52,3	utils/project.ts	PENDING_HUNK_VERIFICATION	DROP_INTENTIONAL	artifacts/quality/G8/result.md	historical replay, delivery, server, snapshot, or old test surface is intentionally not reproduced
hunk	30a9e9f403bb371dffba2c4261fbd1bcb9e788c5	30a9e9f403bb371dffba2c4261fbd1bcb9e788c5:utils/studySnapshotWorker.ts:1,40	utils/studySnapshotWorker.ts	PENDING_HUNK_VERIFICATION	DROP_INTENTIONAL	artifacts/quality/G8/result.md	historical replay, delivery, server, snapshot, or old test surface is intentionally not reproduced
hunk	30a9e9f403bb371dffba2c4261fbd1bcb9e788c5	30a9e9f403bb371dffba2c4261fbd1bcb9e788c5:utils/studyTelemetry.ts:41,3	utils/studyTelemetry.ts	PENDING_HUNK_VERIFICATION	DROP_INTENTIONAL	artifacts/quality/G8/result.md	historical replay, delivery, server, snapshot, or old test surface is intentionally not reproduced
hunk	30a9e9f403bb371dffba2c4261fbd1bcb9e788c5	30a9e9f403bb371dffba2c4261fbd1bcb9e788c5:utils/studyTelemetry.ts:99,3	utils/studyTelemetry.ts	PENDING_HUNK_VERIFICATION	DROP_INTENTIONAL	artifacts/quality/G8/result.md	historical replay, delivery, server, snapshot, or old test surface is intentionally not reproduced
hunk	30a9e9f403bb371dffba2c4261fbd1bcb9e788c5	30a9e9f403bb371dffba2c4261fbd1bcb9e788c5:utils/studyTelemetry.ts:213,62	utils/studyTelemetry.ts	PENDING_HUNK_VERIFICATION	DROP_INTENTIONAL	artifacts/quality/G8/result.md	historical replay, delivery, server, snapshot, or old test surface is intentionally not reproduced
hunk	30a9e9f403bb371dffba2c4261fbd1bcb9e788c5	30a9e9f403bb371dffba2c4261fbd1bcb9e788c5:utils/studyTelemetry.ts:278,5	utils/studyTelemetry.ts	PENDING_HUNK_VERIFICATION	DROP_INTENTIONAL	artifacts/quality/G8/result.md	historical replay, delivery, server, snapshot, or old test surface is intentionally not reproduced
hunk	30a9e9f403bb371dffba2c4261fbd1bcb9e788c5	30a9e9f403bb371dffba2c4261fbd1bcb9e788c5:utils/studyTelemetry.ts:308,16	utils/studyTelemetry.ts	PENDING_HUNK_VERIFICATION	DROP_INTENTIONAL	artifacts/quality/G8/result.md	historical replay, delivery, server, snapshot, or old test surface is intentionally not reproduced
hunk	30a9e9f403bb371dffba2c4261fbd1bcb9e788c5	30a9e9f403bb371dffba2c4261fbd1bcb9e788c5:utils/studyTelemetry.ts:333,4	utils/studyTelemetry.ts	PENDING_HUNK_VERIFICATION	DROP_INTENTIONAL	artifacts/quality/G8/result.md	historical replay, delivery, server, snapshot, or old test surface is intentionally not reproduced
hunk	30a9e9f403bb371dffba2c4261fbd1bcb9e788c5	30a9e9f403bb371dffba2c4261fbd1bcb9e788c5:utils/studyTelemetry.ts:364,3	utils/studyTelemetry.ts	PENDING_HUNK_VERIFICATION	DROP_INTENTIONAL	artifacts/quality/G8/result.md	historical replay, delivery, server, snapshot, or old test surface is intentionally not reproduced
hunk	30a9e9f403bb371dffba2c4261fbd1bcb9e788c5	30a9e9f403bb371dffba2c4261fbd1bcb9e788c5:utils/studyTelemetry.ts:385,3	utils/studyTelemetry.ts	PENDING_HUNK_VERIFICATION	DROP_INTENTIONAL	artifacts/quality/G8/result.md	historical replay, delivery, server, snapshot, or old test surface is intentionally not reproduced
hunk	30a9e9f403bb371dffba2c4261fbd1bcb9e788c5	30a9e9f403bb371dffba2c4261fbd1bcb9e788c5:utils/studyTelemetry.ts:397,3	utils/studyTelemetry.ts	PENDING_HUNK_VERIFICATION	DROP_INTENTIONAL	artifacts/quality/G8/result.md	historical replay, delivery, server, snapshot, or old test surface is intentionally not reproduced
hunk	30a9e9f403bb371dffba2c4261fbd1bcb9e788c5	30a9e9f403bb371dffba2c4261fbd1bcb9e788c5:utils/studyTelemetry.ts:464,18	utils/studyTelemetry.ts	PENDING_HUNK_VERIFICATION	DROP_INTENTIONAL	artifacts/quality/G8/result.md	historical replay, delivery, server, snapshot, or old test surface is intentionally not reproduced
hunk	30a9e9f403bb371dffba2c4261fbd1bcb9e788c5	30a9e9f403bb371dffba2c4261fbd1bcb9e788c5:utils/studyTelemetry.ts:487,8	utils/studyTelemetry.ts	PENDING_HUNK_VERIFICATION	DROP_INTENTIONAL	artifacts/quality/G8/result.md	historical replay, delivery, server, snapshot, or old test surface is intentionally not reproduced
hunk	30a9e9f403bb371dffba2c4261fbd1bcb9e788c5	30a9e9f403bb371dffba2c4261fbd1bcb9e788c5:utils/studyTelemetry.ts:496,50	utils/studyTelemetry.ts	PENDING_HUNK_VERIFICATION	DROP_INTENTIONAL	artifacts/quality/G8/result.md	historical replay, delivery, server, snapshot, or old test surface is intentionally not reproduced
hunk	30a9e9f403bb371dffba2c4261fbd1bcb9e788c5	30a9e9f403bb371dffba2c4261fbd1bcb9e788c5:utils/studyTelemetry.ts:552,169	utils/studyTelemetry.ts	PENDING_HUNK_VERIFICATION	DROP_INTENTIONAL	artifacts/quality/G8/result.md	historical replay, delivery, server, snapshot, or old test surface is intentionally not reproduced
hunk	30a9e9f403bb371dffba2c4261fbd1bcb9e788c5	30a9e9f403bb371dffba2c4261fbd1bcb9e788c5:utils/studyTelemetry.ts:728,18	utils/studyTelemetry.ts	PENDING_HUNK_VERIFICATION	DROP_INTENTIONAL	artifacts/quality/G8/result.md	historical replay, delivery, server, snapshot, or old test surface is intentionally not reproduced
hunk	30a9e9f403bb371dffba2c4261fbd1bcb9e788c5	30a9e9f403bb371dffba2c4261fbd1bcb9e788c5:utils/studyTelemetry.ts:777,7	utils/studyTelemetry.ts	PENDING_HUNK_VERIFICATION	DROP_INTENTIONAL	artifacts/quality/G8/result.md	historical replay, delivery, server, snapshot, or old test surface is intentionally not reproduced
hunk	30a9e9f403bb371dffba2c4261fbd1bcb9e788c5	30a9e9f403bb371dffba2c4261fbd1bcb9e788c5:utils/studyTelemetry.ts:786,30	utils/studyTelemetry.ts	PENDING_HUNK_VERIFICATION	DROP_INTENTIONAL	artifacts/quality/G8/result.md	historical replay, delivery, server, snapshot, or old test surface is intentionally not reproduced
hunk	30a9e9f403bb371dffba2c4261fbd1bcb9e788c5	30a9e9f403bb371dffba2c4261fbd1bcb9e788c5:utils/studyTelemetry.ts:822,13	utils/studyTelemetry.ts	PENDING_HUNK_VERIFICATION	DROP_INTENTIONAL	artifacts/quality/G8/result.md	historical replay, delivery, server, snapshot, or old test surface is intentionally not reproduced
hunk	30a9e9f403bb371dffba2c4261fbd1bcb9e788c5	30a9e9f403bb371dffba2c4261fbd1bcb9e788c5:utils/studyTelemetry.ts:981,5	utils/studyTelemetry.ts	PENDING_HUNK_VERIFICATION	DROP_INTENTIONAL	artifacts/quality/G8/result.md	historical replay, delivery, server, snapshot, or old test surface is intentionally not reproduced
hunk	30a9e9f403bb371dffba2c4261fbd1bcb9e788c5	30a9e9f403bb371dffba2c4261fbd1bcb9e788c5:utils/studyTelemetry.ts:989,3	utils/studyTelemetry.ts	PENDING_HUNK_VERIFICATION	DROP_INTENTIONAL	artifacts/quality/G8/result.md	historical replay, delivery, server, snapshot, or old test surface is intentionally not reproduced
hunk	30a9e9f403bb371dffba2c4261fbd1bcb9e788c5	30a9e9f403bb371dffba2c4261fbd1bcb9e788c5:utils/studyTelemetry.ts:1000,5	utils/studyTelemetry.ts	PENDING_HUNK_VERIFICATION	DROP_INTENTIONAL	artifacts/quality/G8/result.md	historical replay, delivery, server, snapshot, or old test surface is intentionally not reproduced
hunk	30a9e9f403bb371dffba2c4261fbd1bcb9e788c5	30a9e9f403bb371dffba2c4261fbd1bcb9e788c5:utils/studyTelemetry.ts:1011,3	utils/studyTelemetry.ts	PENDING_HUNK_VERIFICATION	DROP_INTENTIONAL	artifacts/quality/G8/result.md	historical replay, delivery, server, snapshot, or old test surface is intentionally not reproduced
hunk	30a9e9f403bb371dffba2c4261fbd1bcb9e788c5	30a9e9f403bb371dffba2c4261fbd1bcb9e788c5:utils/studyTelemetry.ts:1018,5	utils/studyTelemetry.ts	PENDING_HUNK_VERIFICATION	DROP_INTENTIONAL	artifacts/quality/G8/result.md	historical replay, delivery, server, snapshot, or old test surface is intentionally not reproduced
hunk	30a9e9f403bb371dffba2c4261fbd1bcb9e788c5	30a9e9f403bb371dffba2c4261fbd1bcb9e788c5:utils/studyTelemetry.ts:1045,5	utils/studyTelemetry.ts	PENDING_HUNK_VERIFICATION	DROP_INTENTIONAL	artifacts/quality/G8/result.md	historical replay, delivery, server, snapshot, or old test surface is intentionally not reproduced
hunk	30a9e9f403bb371dffba2c4261fbd1bcb9e788c5	30a9e9f403bb371dffba2c4261fbd1bcb9e788c5:utils/studyTelemetry.ts:1060,8	utils/studyTelemetry.ts	PENDING_HUNK_VERIFICATION	DROP_INTENTIONAL	artifacts/quality/G8/result.md	historical replay, delivery, server, snapshot, or old test surface is intentionally not reproduced
hunk	30a9e9f403bb371dffba2c4261fbd1bcb9e788c5	30a9e9f403bb371dffba2c4261fbd1bcb9e788c5:utils/studyTelemetry.ts:1070,3	utils/studyTelemetry.ts	PENDING_HUNK_VERIFICATION	DROP_INTENTIONAL	artifacts/quality/G8/result.md	historical replay, delivery, server, snapshot, or old test surface is intentionally not reproduced
hunk	30a9e9f403bb371dffba2c4261fbd1bcb9e788c5	30a9e9f403bb371dffba2c4261fbd1bcb9e788c5:utils/studyTelemetry.ts:1076,3	utils/studyTelemetry.ts	PENDING_HUNK_VERIFICATION	DROP_INTENTIONAL	artifacts/quality/G8/result.md	historical replay, delivery, server, snapshot, or old test surface is intentionally not reproduced
hunk	30a9e9f403bb371dffba2c4261fbd1bcb9e788c5	30a9e9f403bb371dffba2c4261fbd1bcb9e788c5:utils/studyTelemetry.ts:1114,3	utils/studyTelemetry.ts	PENDING_HUNK_VERIFICATION	DROP_INTENTIONAL	artifacts/quality/G8/result.md	historical replay, delivery, server, snapshot, or old test surface is intentionally not reproduced
hunk	30a9e9f403bb371dffba2c4261fbd1bcb9e788c5	30a9e9f403bb371dffba2c4261fbd1bcb9e788c5:utils/studyTelemetry.ts:1130,31	utils/studyTelemetry.ts	PENDING_HUNK_VERIFICATION	DROP_INTENTIONAL	artifacts/quality/G8/result.md	historical replay, delivery, server, snapshot, or old test surface is intentionally not reproduced
hunk	30a9e9f403bb371dffba2c4261fbd1bcb9e788c5	30a9e9f403bb371dffba2c4261fbd1bcb9e788c5:utils/studyTelemetry.ts:1168,65	utils/studyTelemetry.ts	PENDING_HUNK_VERIFICATION	DROP_INTENTIONAL	artifacts/quality/G8/result.md	historical replay, delivery, server, snapshot, or old test surface is intentionally not reproduced
hunk	30a9e9f403bb371dffba2c4261fbd1bcb9e788c5	30a9e9f403bb371dffba2c4261fbd1bcb9e788c5:utils/studyTelemetry.ts:1234,7	utils/studyTelemetry.ts	PENDING_HUNK_VERIFICATION	DROP_INTENTIONAL	artifacts/quality/G8/result.md	historical replay, delivery, server, snapshot, or old test surface is intentionally not reproduced
hunk	30a9e9f403bb371dffba2c4261fbd1bcb9e788c5	30a9e9f403bb371dffba2c4261fbd1bcb9e788c5:utils/studyTelemetry.ts:1287,24	utils/studyTelemetry.ts	PENDING_HUNK_VERIFICATION	DROP_INTENTIONAL	artifacts/quality/G8/result.md	historical replay, delivery, server, snapshot, or old test surface is intentionally not reproduced
hunk	30a9e9f403bb371dffba2c4261fbd1bcb9e788c5	30a9e9f403bb371dffba2c4261fbd1bcb9e788c5:utils/studyTelemetry.ts:1312,27	utils/studyTelemetry.ts	PENDING_HUNK_VERIFICATION	DROP_INTENTIONAL	artifacts/quality/G8/result.md	historical replay, delivery, server, snapshot, or old test surface is intentionally not reproduced
hunk	30a9e9f403bb371dffba2c4261fbd1bcb9e788c5	30a9e9f403bb371dffba2c4261fbd1bcb9e788c5:utils/studyTelemetry.ts:1341,4	utils/studyTelemetry.ts	PENDING_HUNK_VERIFICATION	DROP_INTENTIONAL	artifacts/quality/G8/result.md	historical replay, delivery, server, snapshot, or old test surface is intentionally not reproduced
hunk	30a9e9f403bb371dffba2c4261fbd1bcb9e788c5	30a9e9f403bb371dffba2c4261fbd1bcb9e788c5:utils/studyTelemetry.ts:1366,7	utils/studyTelemetry.ts	PENDING_HUNK_VERIFICATION	DROP_INTENTIONAL	artifacts/quality/G8/result.md	historical replay, delivery, server, snapshot, or old test surface is intentionally not reproduced
hunk	30a9e9f403bb371dffba2c4261fbd1bcb9e788c5	30a9e9f403bb371dffba2c4261fbd1bcb9e788c5:utils/studyTelemetry.ts:1378,21	utils/studyTelemetry.ts	PENDING_HUNK_VERIFICATION	DROP_INTENTIONAL	artifacts/quality/G8/result.md	historical replay, delivery, server, snapshot, or old test surface is intentionally not reproduced
hunk	30a9e9f403bb371dffba2c4261fbd1bcb9e788c5	30a9e9f403bb371dffba2c4261fbd1bcb9e788c5:utils/studyTelemetry.ts:1419,3	utils/studyTelemetry.ts	PENDING_HUNK_VERIFICATION	DROP_INTENTIONAL	artifacts/quality/G8/result.md	historical replay, delivery, server, snapshot, or old test surface is intentionally not reproduced
hunk	30a9e9f403bb371dffba2c4261fbd1bcb9e788c5	30a9e9f403bb371dffba2c4261fbd1bcb9e788c5:utils/studyTelemetry.ts:1446,4	utils/studyTelemetry.ts	PENDING_HUNK_VERIFICATION	DROP_INTENTIONAL	artifacts/quality/G8/result.md	historical replay, delivery, server, snapshot, or old test surface is intentionally not reproduced
hunk	30a9e9f403bb371dffba2c4261fbd1bcb9e788c5	30a9e9f403bb371dffba2c4261fbd1bcb9e788c5:utils/studyTelemetry.ts:1492,4	utils/studyTelemetry.ts	PENDING_HUNK_VERIFICATION	DROP_INTENTIONAL	artifacts/quality/G8/result.md	historical replay, delivery, server, snapshot, or old test surface is intentionally not reproduced
hunk	30a9e9f403bb371dffba2c4261fbd1bcb9e788c5	30a9e9f403bb371dffba2c4261fbd1bcb9e788c5:utils/studyTelemetry.ts:1504,12	utils/studyTelemetry.ts	PENDING_HUNK_VERIFICATION	DROP_INTENTIONAL	artifacts/quality/G8/result.md	historical replay, delivery, server, snapshot, or old test surface is intentionally not reproduced
hunk	30a9e9f403bb371dffba2c4261fbd1bcb9e788c5	30a9e9f403bb371dffba2c4261fbd1bcb9e788c5:utils/studyTelemetry.ts:1532,4	utils/studyTelemetry.ts	PENDING_HUNK_VERIFICATION	DROP_INTENTIONAL	artifacts/quality/G8/result.md	historical replay, delivery, server, snapshot, or old test surface is intentionally not reproduced
hunk	30a9e9f403bb371dffba2c4261fbd1bcb9e788c5	30a9e9f403bb371dffba2c4261fbd1bcb9e788c5:utils/studyTelemetry.ts:1538,11	utils/studyTelemetry.ts	PENDING_HUNK_VERIFICATION	DROP_INTENTIONAL	artifacts/quality/G8/result.md	historical replay, delivery, server, snapshot, or old test surface is intentionally not reproduced
hunk	30a9e9f403bb371dffba2c4261fbd1bcb9e788c5	30a9e9f403bb371dffba2c4261fbd1bcb9e788c5:utils/studyTelemetry.ts:1561,32	utils/studyTelemetry.ts	PENDING_HUNK_VERIFICATION	DROP_INTENTIONAL	artifacts/quality/G8/result.md	historical replay, delivery, server, snapshot, or old test surface is intentionally not reproduced
hunk	30a9e9f403bb371dffba2c4261fbd1bcb9e788c5	30a9e9f403bb371dffba2c4261fbd1bcb9e788c5:utils/studyTelemetry.ts:1599,3	utils/studyTelemetry.ts	PENDING_HUNK_VERIFICATION	DROP_INTENTIONAL	artifacts/quality/G8/result.md	historical replay, delivery, server, snapshot, or old test surface is intentionally not reproduced
hunk	30a9e9f403bb371dffba2c4261fbd1bcb9e788c5	30a9e9f403bb371dffba2c4261fbd1bcb9e788c5:utils/studyTelemetry.ts:1605,6	utils/studyTelemetry.ts	PENDING_HUNK_VERIFICATION	DROP_INTENTIONAL	artifacts/quality/G8/result.md	historical replay, delivery, server, snapshot, or old test surface is intentionally not reproduced
hunk	30a9e9f403bb371dffba2c4261fbd1bcb9e788c5	30a9e9f403bb371dffba2c4261fbd1bcb9e788c5:utils/studyTelemetryBoundary.ts:1,58	utils/studyTelemetryBoundary.ts	PENDING_HUNK_VERIFICATION	DROP_INTENTIONAL	artifacts/quality/G8/result.md	historical replay, delivery, server, snapshot, or old test surface is intentionally not reproduced
hunk	30a9e9f403bb371dffba2c4261fbd1bcb9e788c5	30a9e9f403bb371dffba2c4261fbd1bcb9e788c5:utils/studyTelemetryProject.ts:227,10	utils/studyTelemetryProject.ts	PENDING_HUNK_VERIFICATION	DROP_INTENTIONAL	artifacts/quality/G8/result.md	historical replay, delivery, server, snapshot, or old test surface is intentionally not reproduced
hunk	30a9e9f403bb371dffba2c4261fbd1bcb9e788c5	30a9e9f403bb371dffba2c4261fbd1bcb9e788c5:utils/studyTelemetryProject.ts:244,3	utils/studyTelemetryProject.ts	PENDING_HUNK_VERIFICATION	DROP_INTENTIONAL	artifacts/quality/G8/result.md	historical replay, delivery, server, snapshot, or old test surface is intentionally not reproduced
hunk	30a9e9f403bb371dffba2c4261fbd1bcb9e788c5	30a9e9f403bb371dffba2c4261fbd1bcb9e788c5:utils/studyTelemetryProject.ts:264,42	utils/studyTelemetryProject.ts	PENDING_HUNK_VERIFICATION	DROP_INTENTIONAL	artifacts/quality/G8/result.md	historical replay, delivery, server, snapshot, or old test surface is intentionally not reproduced
hunk	30a9e9f403bb371dffba2c4261fbd1bcb9e788c5	30a9e9f403bb371dffba2c4261fbd1bcb9e788c5:vite.config.ts:2,3	vite.config.ts	PENDING_HUNK_VERIFICATION	DROP_INTENTIONAL	artifacts/quality/G8/result.md	historical replay, delivery, server, snapshot, or old test surface is intentionally not reproduced
hunk	30a9e9f403bb371dffba2c4261fbd1bcb9e788c5	30a9e9f403bb371dffba2c4261fbd1bcb9e788c5:vite.config.ts:7,10	vite.config.ts	PENDING_HUNK_VERIFICATION	DROP_INTENTIONAL	artifacts/quality/G8/result.md	historical replay, delivery, server, snapshot, or old test surface is intentionally not reproduced
hunk	30a9e9f403bb371dffba2c4261fbd1bcb9e788c5	30a9e9f403bb371dffba2c4261fbd1bcb9e788c5:vite.config.ts:27,14	vite.config.ts	PENDING_HUNK_VERIFICATION	DROP_INTENTIONAL	artifacts/quality/G8/result.md	historical replay, delivery, server, snapshot, or old test surface is intentionally not reproduced
hunk	30a9e9f403bb371dffba2c4261fbd1bcb9e788c5	30a9e9f403bb371dffba2c4261fbd1bcb9e788c5:vite.config.ts:49,8	vite.config.ts	PENDING_HUNK_VERIFICATION	DROP_INTENTIONAL	artifacts/quality/G8/result.md	historical replay, delivery, server, snapshot, or old test surface is intentionally not reproduced
